{"flutter":{"platforms":{"android":{"default":{"projectId":"school-management-system-3405d","appId":"1:739507463106:android:9dc9e8067c151aa6956c5b","fileOutput":"android/app/google-services.json"}},"dart":{"lib/firebase_options.dart":{"projectId":"school-management-system-3405d","configurations":{"android":"1:739507463106:android:9dc9e8067c151aa6956c5b","ios":"1:739507463106:ios:949c3323320c9caf956c5b","macos":"1:739507463106:ios:949c3323320c9caf956c5b","web":"1:739507463106:web:6514b5f0e4b59c49956c5b"}}}}}}